{
  "meta_title": "Estoque Fast - Sua loja online de eletrônicos, informática e acessórios",
  "meta_description": "Encontre os melhores eletrônicos, produtos de informática e acessórios na Estoque Fast. Compre online e receba com rapidez e segurança. Aproveite nossas ofertas e garanta a melhor tecnologia para o seu dia a dia.",
  "sections": [
    {
      "type": "banner-slider",
      "autoplay": 9000,
      "full_width": true,
      "slides": [
        {
          "start": "2023-07-18T16:45:43.372Z",
          "end": "2023-07-21T17:11:32.597Z",
          "img": "/img/uploads/estoque-fast-tv-box.png",
          "link": "https://estoquefast.com.br/iptv--tv-box-so-internet"
        },
        {
          "img": "/img/uploads/logo-frente-fast.png",
          "link": "",
          "alt": "",
          "start": "2020-04-11T05:54:06.750Z",
          "end": "",
          "mobile_img": "/img/uploads/logo-frente-fast.png"
        },
        {
          "start": "2023-06-20T19:18:18.364Z",
          "end": "",
          "img": "/img/uploads/1684846030646cb5ceb6b3e.png-1920x600.webp",
          "alt": "",
          "mobile_img": "/img/uploads/1684846030646cb5ceb6b3e.png-1920x600.webp",
          "link": "https://estoquefast.com.br/informatica"
        },
        {
          "start": "2023-06-20T19:19:13.913Z",
          "end": "",
          "img": "/img/uploads/1684846103646cb6178a66a.png-1920x600.webp",
          "mobile_img": "/img/uploads/1684846103646cb6178a66a.png-1920x600.webp",
          "link": "https://estoquefast.com.br/jbl--audio"
        }
      ]
    },
    {
      "type": "info-bar",
      "enabled": true
    },
    {
      "type": "collection-shelf",
      "shuffle": true,
      "collection_id": "649357d55e6069037043db9c:categories:ACESSÓRIOS:/acessorios",
      "sort": "views",
      "title": "",
      "headless": false,
      "limit": 12,
      "page": 1
    }
  ]
}